NUMBER,ROLE,PLAYER,FOOT,AGE,HEIGHT,LEA,CLU,MV (EUR),MV (EUR),GOL,AST,PKG,PKA,SHO,SOT,MIN,YEL,RED
1,FW,K. Mbappé,right,24,178,Ligue 1,Paris Saint-Germain FC,206 M,206000000,36,9,4,6,171,91,3703,6,0
2,FW,E. Haaland,left,22,195,Premier League,Manchester City FC FC,131 M,131000000,48,9,8,9,152,84,3876,6,0
3,FW,Vinícius Júnior,right,22,176,LaLiga,Real Madrid,131 M,131000000,17,13,0,0,113,56,4054,11,1
4,FW,Rodrygo,right,22,174,LaLiga,Real Madrid,120 M,120000000,14,9,3,3,114,42,3434,4,0
5,FW,J. Musiala,right,20,184,Bundesliga,FC Bayern München,89.8 M,89800000,12,11,0,0,73,29,2871,1,0
6,FW,Mohamed Salah,left,31,175,Premier League,Liverpool FC,86.3 M,86300000,27,13,3,5,140,58,4232,2,0
7,FW,Neymar,right,31,175,Ligue 1,Paris Saint-Germain FC,83.2 M,83200000,15,12,2,2,57,27,2193,9,1
8,FW,K. Kvaratskhelia,right,22,183,Serie A,SSC Napoli,81.6 M,81600000,14,14,3,5,118,46,3376,1,0
9,FW,Gabriel Martinelli,right,22,178,Premier League,Arsenal FC,76.7 M,76700000,15,5,0,0,86,35,3554,5,0
10,FW,C. Nkunku,right,25,175,Bundesliga,RB Leipzig,76.6 M,76600000,19,4,3,4,86,36,2617,5,0
11,FW,Gabriel Jesus,right,26,175,Premier League,Arsenal FC,74.2 M,74200000,11,6,1,1,80,40,2493,7,0
12,FW,J. Sancho,right,23,180,Premier League,Manchester United,72.9 M,72900000,7,3,0,0,30,12,2325,0,0
13,FW,O. Dembélé,both,26,178,LaLiga,FC Barcelona,71.3 M,71300000,6,9,0,0,58,23,1970,5,0
14,FW,M. Rashford,right,25,186,Premier League,Manchester United,67.1 M,67100000,23,6,0,0,139,67,3692,2,0
15,FW,L. Sané,left,27,183,Bundesliga,FC Bayern München,66.5 M,66500000,12,6,0,0,94,38,2726,4,0
16,FW,Ansu Fati,right,20,178,LaLiga,FC Barcelona,62.7 M,62700000,7,2,0,0,76,21,1839,3,0
17,FW,V. Osimhen,right,24,185,Serie A,SSC Napoli,62.6 M,62600000,31,4,2,4,140,60,3154,5,0
18,FW,L. Díaz,right,26,180,Premier League,Liverpool FC,61.9 M,61900000,5,2,0,0,34,11,1375,2,0
19,FW,T. Werner,right,27,180,Bundesliga,RB Leipzig,61 M,61000000,11,5,0,0,67,30,2574,3,0
20,FW,S. Gnabry,right,27,176,Bundesliga,FC Bayern München,60 M,60000000,16,6,1,1,87,43,2443,0,0
21,FW,M. Diaby,left,23,170,Bundesliga,Bayer 04 Leverkusen,59.4 M,59400000,14,9,0,1,111,53,3977,6,0
22,FW,K. Coman,right,27,181,Bundesliga,FC Bayern München,59.3 M,59300000,9,6,0,0,59,22,2033,1,1
23,FW,R. Sterling,right,28,172,Premier League,Chelsea FC,58.9 M,58900000,9,4,0,0,52,22,2703,5,0
24,FW,H. Kane,right,29,188,Premier League,Tottenham Hotspur FC,58.7 M,58700000,31,3,6,8,140,59,4526,7,0
25,FW,D. Núñez,right,23,186,Premier League,Liverpool FC,54.8 M,54800000,13,3,0,0,97,46,2265,2,1
26,FW,L. Martínez,right,25,174,Serie A,FC Internazionale AC Milano,54.5 M,54500000,24,9,1,2,144,59,3862,6,0
27,FW,Rafael Leão,right,24,188,Serie A,AC Milan,54.3 M,54300000,16,12,0,0,107,32,3592,6,1
28,FW,Raphinha,left,26,176,LaLiga,FC Barcelona,50.6 M,50600000,8,10,0,0,95,29,2668,10,0
29,FW,Pedro Neto,left,23,172,Premier League,Wolverhampton Wanderers FC,50 M,50000000,0,0,0,0,18,4,1045,1,0
30,FW,João Félix,right,23,181,Premier League,Chelsea FC,49.9 M,49900000,8,3,0,0,90,36,2254,6,1
31,FW,Marco Asensio,left,27,182,LaLiga,Real Madrid,46.5 M,46500000,12,7,0,1,70,29,1950,1,0
32,FW,A. Lookman,right,25,174,Serie A,Atalanta BC,46.4 M,46400000,13,6,3,3,51,27,1852,3,0
33,FW,I. Toney,right,27,179,Premier League,AFC Bournemouth,45.7 M,45700000,20,5,6,7,92,40,3245,9,0
34,FW,Ferrán Torres,right,23,184,LaLiga,FC Barcelona,43.9 M,43900000,7,2,0,1,45,16,1765,6,1
35,FW,J. David,right,23,177,Ligue 1,LOSC Lille,43.6 M,43600000,24,3,10,11,100,55,3352,6,0
36,FW,L. Trossard,right,28,172,Premier League,Arsenal FC,41.9 M,41900000,8,10,0,0,53,23,2520,1,0
37,FW,Roberto Firmino,right,31,181,Premier League,Liverpool FC,39.2 M,39200000,13,4,0,0,42,27,1784,0,0
38,FW,R. Cherki,right,19,176,Ligue 1,Olympique Lyonnais,39 M,39000000,4,4,0,0,59,21,2009,3,0
39,FW,M. Thuram,right,25,192,Bundesliga,Borussia Mönchengladbach,38.6 M,38600000,13,4,0,0,85,41,2690,3,0
40,FW,Tetê,left,23,175,Premier League,Leicester City,37.7 M,37700000,7,3,0,0,43,14,1945,3,0
41,FW,Samuel Lino,right,23,178,LaLiga,Valencia CF,37.6 M,37600000,6,2,0,0,90,32,3164,4,0
42,FW,S. Mané,right,31,174,Bundesliga,FC Bayern München,37.3 M,37300000,10,6,1,2,66,31,2098,2,0
43,FW,F. Balogun,right,21,179,Ligue 1,Stade de Reims,37.3 M,37300000,21,3,6,7,128,55,3192,5,0
44,FW,A. Mitrović,right,28,189,Premier League,Fulham FC,37 M,37000000,14,2,4,8,83,35,2177,7,0
45,FW,C. Gakpo,right,24,189,Premier League,Liverpool FC,36.9 M,36900000,10,5,0,0,56,23,2527,1,0
46,FW,R. Kolo Muani,right,24,187,Bundesliga,Eintracht Frankfurt,36.9 M,36900000,17,10,2,2,85,39,3320,6,2
47,FW,D. Ouattara,left,21,177,Premier League,AFC Bournemouth,36.5 M,36500000,7,9,0,0,69,20,2969,3,1
48,FW,D. Kulusevski,left,23,186,Premier League,Tottenham Hotspur FC,35.9 M,35900000,2,7,0,0,46,11,2446,2,0
49,FW,D. Vlahović,left,23,190,Serie A,Juventus FC,35.6 M,35600000,14,3,3,4,83,34,3027,3,0
50,FW,Heung-Min Son,right,30,183,Premier League,Tottenham Hotspur FC,34.5 M,34500000,12,5,0,0,95,48,3780,3,0
51,FW,Gerard Deulofeu,right,29,177,Serie A,Udinese Calcio,33.7 M,33700000,2,5,0,0,44,12,1286,1,0
52,FW,P. Dybala,left,29,177,Serie A,AS Roma,33 M,33000000,17,6,6,6,88,33,2591,5,0
53,FW,Y. Moukoko,left,18,179,Bundesliga,Borussia Dortmund,32.7 M,32700000,7,3,0,0,43,22,1496,0,0
54,FW,L. Openda,right,23,177,Ligue 1,Racing Club de Lens,32.7 M,32700000,21,4,1,1,95,49,2651,2,0
55,FW,L. Messi,left,35,170,Ligue 1,Paris Saint-Germain FC,31.9 M,31900000,20,17,0,0,151,62,3657,0,0
56,FW,K. Benzema,right,35,185,LaLiga,Real Madrid,31.9 M,31900000,23,0,7,8,141,65,2980,1,0
57,FW,A. Isak,right,23,192,Premier League,Newcastle United FC,30.6 M,30600000,11,1,2,2,52,25,1823,3,0
58,FW,D. Berardi,left,28,183,Serie A,US Sassuolo,30.5 M,30500000,12,7,7,8,77,27,2003,7,0
59,FW,R. Mahrez,left,32,179,Premier League,Manchester City FC,30.5 M,30500000,8,10,2,4,54,21,2591,2,0
60,FW,G. Raspadori,right,23,172,Serie A,SSC Napoli,30.4 M,30400000,6,4,0,0,50,21,1331,2,0
61,FW,M. Maolida,right,24,181,Ligue 1,Stade de Reims,3.02 M,30200000,1,0,0,0,6,2,371,0,0
62,FW,R. Nelson,right,23,175,Premier League,Arsenal FC,30 M,30000000,3,1,0,0,18,7,599,0,0
63,FW,B. Mbeumo,left,23,171,Premier League,AFC Bournemouth,29.6 M,29600000,9,8,1,1,69,31,3116,5,0
64,FW,D. Malen,right,24,176,Bundesliga,Borussia Dortmund,29.2 M,29200000,9,7,0,0,70,29,2064,1,0
65,FW,Antony,left,23,174,Premier League,Manchester United,28.5 M,28500000,6,2,0,0,91,33,2566,7,0
66,FW,J. Bowen,left,26,175,Premier League,West Ham United FC,28.4 M,28400000,6,5,1,2,68,21,3506,2,0
67,FW,Nico Williams,right,20,181,LaLiga,Athletic Club Bilbao,27.9 M,27900000,6,4,0,0,60,21,2800,3,0
68,FW,C. Pulišić,right,24,178,Premier League,Chelsea FC,27.8 M,27800000,1,0,0,0,17,5,1075,1,0
69,FW,W. Ben Yedder,right,32,170,Ligue 1,AS Monaco FC,27.8 M,27800000,24,6,7,8,92,54,2941,4,0
70,FW,A. Laurienté,right,24,177,Serie A,US Sassuolo,27.7 M,27700000,8,6,1,1,72,29,2561,9,1
71,FW,N. Füllkrug,right,30,189,Bundesliga,SV Werder Bremen,27.6 M,27600000,16,5,5,5,75,37,2672,4,0
72,FW,B. Embolo,right,26,187,Ligue 1,AS Monaco FC,27.3 M,27300000,14,4,1,2,49,27,2442,4,0
73,FW,Gerard Moreno,left,31,180,LaLiga,Villarreal,26.7 M,26700000,7,3,1,2,43,21,1352,3,0
74,FW,T. Abraham,right,25,190,Serie A,AS Roma,25.9 M,25900000,9,5,0,0,67,37,3361,5,0
75,FW,H. Lozano,right,27,175,Serie A,SSC Napoli,25.6 M,25600000,4,4,1,1,55,18,2209,3,0
76,FW,Á. Correa,right,28,171,LaLiga,Club Atlético de Madrid,25.4 M,25400000,9,2,0,0,49,22,1925,2,1
77,FW,J. Bamba,right,27,175,Ligue 1,LOSC Lille,25.2 M,25200000,6,7,0,0,69,26,2978,6,0
78,FW,M. Kean,right,23,182,Serie A,Juventus FC,25.1 M,25100000,7,0,0,0,44,19,1480,6,1
79,FW,Daniel Podence,right,27,165,Premier League,Wolverhampton Wanderers FC,25 M,25000000,6,0,0,0,40,17,1952,5,0
80,FW,E. Nketiah,right,24,180,Premier League,Arsenal FC,24.9 M,24900000,6,2,0,0,53,21,1832,3,0
81,FW,André Silva,right,27,185,Bundesliga,RB Leipzig,24.7 M,24700000,7,3,0,0,69,29,2396,3,0
82,FW,A. Saint-Maximin,right,26,173,Premier League,Newcastle United FC,24.7 M,24700000,1,4,0,0,27,11,1245,1,0
83,FW,M. Zaccagni,right,28,177,Serie A,SS Lazio,24.4 M,24400000,10,6,1,1,58,26,3285,10,0
84,FW,U. Sadiq,right,26,192,LaLiga,Real Sociedad,24.4 M,24400000,3,0,0,0,8,4,397,1,0
85,FW,A. Harit,right,26,180,Ligue 1,Olympique de Marseille,24.1 M,24100000,1,2,0,0,16,9,972,2,0
86,FW,S. Kalajdžić,right,25,200,Premier League,Wolverhampton Wanderers FC,23.4 M,23400000,0,2,0,0,4,0,299,1,0
87,FW,M. Depay,right,29,178,LaLiga,Club Atlético de Madrid,23 M,23000000,5,0,0,0,16,8,443,1,0
88,FW,P. Schick,left,27,191,Bundesliga,Bayer 04 Leverkusen,22.9 M,22900000,3,0,0,1,44,17,1563,0,0
89,FW,O. Watkins,right,27,180,Premier League,Aston Villa FC,22.8 M,22800000,15,5,1,2,78,45,3423,4,0
90,FW,A. Griezmann,left,32,176,LaLiga,Club Atlético de Madrid,22.7 M,22700000,16,15,0,1,125,53,3539,2,0
91,FW,L. Bailey,left,25,178,Premier League,Aston Villa FC,22.5 M,22500000,4,4,0,0,48,14,2176,4,0
92,FW,J. Álvarez,right,23,170,Premier League,Manchester City FC,22.4 M,22400000,12,2,1,1,60,26,2119,1,0
93,FW,B. Johnson,right,22,179,Premier League,Nottingham Forest FC,22.4 M,22400000,8,3,1,3,52,26,3170,6,0
94,FW,S. Chukwueze,left,24,172,LaLiga,Villarreal,22.1 M,22100000,6,4,0,0,57,17,2530,1,0
95,FW,A. Gouiri,right,23,181,Ligue 1,Stade Rennais FC,22.1 M,22100000,17,6,0,0,81,35,3378,3,0
96,FW,E. Wahi,right,20,184,Ligue 1,Montpellier HSC,21.9 M,21900000,20,2,1,1,63,38,2680,8,1
97,FW,Z. Aboukhlal,left,23,179,Ligue 1,Toulouse FC,21.8 M,21800000,10,4,0,0,80,30,2637,4,0
98,FW,C. Immobile,right,33,185,Serie A,SS Lazio,21.7 M,21700000,13,5,5,6,88,36,2714,4,0
99,FW,D. Lukébakio,left,25,187,Bundesliga,Hertha BSC,21.4 M,21400000,11,2,5,5,65,26,2570,8,0
100,FW,S. Benrahma,right,27,172,Premier League,West Ham United FC,21.4 M,21400000,6,3,4,4,72,27,2252,0,0
101,FW,G. Scamacca,right,24,195,Premier League,West Ham United FC,21.4 M,21400000,3,0,0,0,30,10,1004,3,0
102,FW,Joelinton,right,26,186,Premier League,Newcastle United FC,21.2 M,21200000,6,1,0,0,46,19,2935,12,0
103,FW,A. Adli,left,23,174,Bundesliga,Bayer 04 Leverkusen,21.1 M,21100000,7,3,0,0,45,22,1961,3,2
104,FW,J. Ikoné,left,25,175,Serie A,ACF Fiorentina,20.9 M,20900000,4,3,0,0,50,10,2170,4,0
105,FW,Omar Marmoush,right,24,183,Bundesliga,VfL Wolfsburg,20.9 M,20900000,5,1,0,0,45,16,1583,2,0
106,FW,N. Pépé,left,28,183,Ligue 1,OGC Nice,20.7 M,20700000,6,0,3,3,49,20,1618,2,0
107,FW,Rafa Mir,right,26,191,LaLiga,Sevilla FC,20.6 M,20600000,7,0,0,0,53,19,1702,3,0
108,FW,A. Martial,right,27,184,Premier League,Manchester United,20.4 M,20400000,7,2,1,1,25,14,1216,0,0
109,FW,Felipe Anderson,right,30,175,Serie A,SS Lazio,20.2 M,20200000,10,5,0,0,47,28,3637,4,0
110,FW,R. Lukaku,left,30,191,Serie A,FC Internazionale AC Milano,20.1 M,20100000,13,6,3,3,60,28,2010,2,0
111,FW,W. Gnonto,right,19,170,Premier League,Leeds United FC,20.1 M,20100000,3,4,0,0,27,12,1877,7,0
112,FW,Diogo Jota,right,26,178,Premier League,Liverpool FC,20 M,20000000,7,6,0,0,34,15,1520,2,0
113,FW,T. Dallinga,right,22,180,Ligue 1,Toulouse FC,19.8 M,19800000,12,0,0,0,55,30,2480,4,0
114,FW,Y. Wissa,right,26,176,Premier League,AFC Bournemouth,19.7 M,19700000,7,3,0,0,29,15,1800,3,0
115,FW,G. Rutter,left,21,182,Premier League,Leeds United FC,19.6 M,19600000,2,3,0,0,30,16,1395,2,0
116,FW,A. Gordon,right,22,183,Premier League,Newcastle United FC,19.5 M,19500000,4,0,0,0,34,18,1763,7,0
117,FW,S. Tigges,left,24,193,Bundesliga,1. FC Köln,19.4 M,19400000,6,2,0,0,31,11,1699,1,0
118,FW,K. Adeyemi,left,21,180,Bundesliga,Borussia Dortmund,19.2 M,19200000,8,3,0,1,44,17,1843,10,0
119,FW,L. Jović,right,25,182,Serie A,ACF Fiorentina,18.9 M,18900000,6,1,0,1,50,20,1697,3,0
120,FW,C. Kouamé,right,25,185,Serie A,ACF Fiorentina,18.9 M,18900000,4,3,0,0,35,14,2002,5,0
121,FW,H. Ekitike,right,20,189,Ligue 1,Paris Saint-Germain FC,18.8 M,18800000,3,3,0,0,33,14,1310,0,0
122,FW,A. Milik,left,29,186,Serie A,Juventus FC,18.7 M,18700000,9,1,0,1,49,26,2335,4,1
123,FW,Iñaki Williams,right,29,186,LaLiga,Athletic Club Bilbao,18.7 M,18700000,10,2,1,2,79,36,3014,2,0
124,FW,N. Jackson,right,21,188,LaLiga,Villarreal,18.6 M,18600000,12,4,0,0,40,23,1737,5,1
125,FW,C. Hudson-Odoi,right,22,182,Bundesliga,Bayer 04 Leverkusen,18.5 M,18500000,1,1,0,0,14,3,1144,0,0
126,FW,Richarlison,right,26,181,Premier League,Tottenham Hotspur FC,18.4 M,18400000,3,3,0,0,36,16,1536,3,0
127,FW,Álvaro Morata,right,30,190,LaLiga,Club Atlético de Madrid,18.2 M,18200000,13,2,0,0,68,35,2351,4,0
128,FW,Fábio Carvalho,right,20,175,Premier League,Liverpool FC,18.1 M,18100000,2,0,0,0,15,4,545,0,0
129,FW,B. Dia,right,26,180,Serie A,US Salernitana,17.9 M,17900000,16,6,1,1,46,22,2710,4,0
130,FW,S. Guirassy,right,27,187,Bundesliga,VfB Stuttgart,17.8 M,17800000,11,0,2,2,48,23,1787,3,1
131,FW,J. Boga,right,26,172,Serie A,Atalanta BC,17.6 M,17600000,2,4,0,0,12,3,880,0,0
132,FW,Y. En-Nesyri,left,26,188,LaLiga,Sevilla FC,17.5 M,17500000,14,1,0,0,78,36,2886,4,0
133,FW,A. Sørloth,left,27,195,LaLiga,Real Sociedad,17.5 M,17500000,14,3,0,0,68,31,2983,5,0
134,FW,V. Castellanos,right,24,178,LaLiga,Girona FC,17.3 M,17300000,13,0,1,1,77,34,2767,12,0
135,FW,Borja Iglesias,right,30,187,LaLiga,Real Betis,17.3 M,17300000,15,4,5,6,59,28,2697,2,1
136,FW,K. Toko Ekambi,right,30,185,Ligue 1,Stade Rennais FC,17.3 M,17300000,9,3,0,0,62,31,2638,1,0
137,FW,S. Edozie,right,20,181,Premier League,Southampton FC,17.2 M,17200000,0,0,0,0,9,4,658,0,0
138,FW,O. Édouard,right,25,187,Premier League,Crystal Palace,17.1 M,17100000,5,1,0,0,34,14,1966,3,0
139,FW,M. Gregoritsch,left,29,193,Bundesliga,SC Freiburg,16.9 M,16900000,13,4,0,0,75,45,2537,6,0
140,FW,E. Ünal,right,26,187,LaLiga,Getafe CF,16.8 M,16800000,14,3,5,6,82,33,3207,6,0
141,FW,T. Moffi,left,24,188,Ligue 1,OGC Nice,16.7 M,16700000,18,2,1,2,70,38,2833,3,0
142,FW,T. Müller,right,33,185,Bundesliga,FC Bayern München,16.7 M,16700000,8,7,0,0,51,25,2155,0,0
143,FW,C. Ünder,left,25,173,Ligue 1,Olympique de Marseille,16.5 M,16500000,5,4,1,1,71,28,2847,4,0
144,FW,D. Solanke,right,25,187,Premier League,AFC Bournemouth,16.5 M,16500000,6,7,0,0,67,29,3092,2,0
145,FW,G. Caprari,right,29,176,Serie A,AC Monza,16.5 M,16500000,5,2,1,1,50,13,2582,7,0
146,FW,C. Adams,right,26,175,Premier League,Southampton FC,16.5 M,16500000,5,2,0,0,44,14,2187,1,0
147,FW,L. Sinisterra,right,24,172,Premier League,Leeds United FC,16.4 M,16400000,5,0,0,0,24,11,938,2,1
148,FW,R. Lewandowski,right,34,185,LaLiga,FC Barcelona,16.3 M,16300000,29,8,1,2,148,68,3740,4,1
149,FW,J. Burkardt,right,22,181,Bundesliga,1. FSV Mainz 05,16.3 M,16300000,1,2,0,1,21,7,562,2,0
150,FW,J. Enciso,right,19,173,Premier League,Brighton,16.2 M,16200000,4,1,0,0,36,17,923,1,0
151,FW,A. Lacazette,right,32,176,Ligue 1,Olympique Lyonnais,16.2 M,16200000,27,5,6,8,105,55,3126,3,0
152,FW,L. Ocampos,both,28,187,LaLiga,Sevilla FC,16.1 M,16100000,5,3,3,3,41,17,1882,8,0
153,FW,M. Tel,right,18,183,Bundesliga,FC Bayern München,16 M,16000000,5,0,0,0,26,12,651,2,0
154,FW,K. Lewis-Potter,right,22,170,Premier League,AFC Bournemouth,15.9 M,15900000,0,1,0,0,5,2,374,0,0
155,FW,Alejandro Garnacho,right,18,180,Premier League,Manchester United,15.8 M,15800000,4,2,0,0,29,11,869,4,0
156,FW,Beto,right,25,194,Serie A,Udinese Calcio,15.8 M,15800000,10,1,1,1,58,24,2313,2,0
157,FW,Sergio Camello,right,22,177,LaLiga,Rayo Vallecano,15.8 M,15800000,6,4,0,0,66,18,2570,1,0
158,FW,Ez Abde,right,21,177,LaLiga,CA Osasuna,15.7 M,15700000,4,2,0,0,39,15,1605,3,2
159,FW,R. Højlund,left,20,187,Serie A,Atalanta BC,15.6 M,15600000,10,2,0,0,49,27,2143,1,0
160,FW,N. Radonjić,right,27,185,Serie A,Torino FC,15.3 M,15300000,2,2,0,0,53,18,1555,1,0
161,FW,M. Ducksch,right,29,188,Bundesliga,SV Werder Bremen,15.2 M,15200000,12,6,0,1,92,43,3042,4,0
162,FW,M. Politano,left,29,171,Serie A,SSC Napoli,15.1 M,15100000,4,4,3,4,44,13,1693,3,0
163,FW,E. Demirović,right,25,185,Bundesliga,FC Augsburg,15.1 M,15100000,8,4,1,1,56,22,2534,7,1
164,FW,R. Orsolini,left,26,183,Serie A,Bologna FC 1909,14.9 M,14900000,11,4,3,3,83,29,2299,7,2
165,FW,R. Sottil,right,24,180,Serie A,ACF Fiorentina,14.9 M,14900000,0,2,0,0,20,8,914,0,0
166,FW,M. Dembélé,right,26,183,Ligue 1,Olympique Lyonnais,14.9 M,14900000,3,0,0,0,26,13,964,1,0
167,FW,A. Pléa,right,30,181,Bundesliga,Borussia Mönchengladbach,14.8 M,14800000,2,8,1,2,28,13,1910,5,0
168,FW,A. Salama,right,22,192,Ligue 1,Angers Sporting Club de l’Ouest,14.8 M,14800000,3,1,0,0,24,12,1329,1,0
169,FW,P. Daka,right,24,183,Premier League,Leicester City,14.6 M,14600000,4,4,0,0,24,14,1316,2,0
170,FW,L. Nmecha,right,24,185,Bundesliga,VfL Wolfsburg,14.4 M,14400000,4,1,0,0,16,6,974,3,0
171,FW,E. Hazard,right,32,175,LaLiga,Real Madrid,14.4 M,14400000,1,2,0,1,5,2,357,0,0
172,FW,Adama Traoré,right,27,178,Premier League,Wolverhampton Wanderers FC,14.3 M,14300000,2,2,0,0,19,8,1678,2,0
173,FW,Luiz Henrique,left,22,181,LaLiga,Real Betis,14.2 M,14200000,3,5,0,0,52,22,2417,6,0
174,FW,M. Berisha,right,25,188,Bundesliga,FC Augsburg,14.2 M,14200000,9,4,3,4,50,16,1801,8,1
175,FW,E. Ferguson,right,18,183,Premier League,Brighton,14.2 M,14200000,6,0,0,0,33,15,1042,1,0
176,FW,N. González,left,25,180,Serie A,ACF Fiorentina,14.1 M,14100000,6,1,2,2,55,17,1487,3,0
177,FW,I. Success,right,27,186,Serie A,Udinese Calcio,14.1 M,14100000,1,6,0,0,26,4,1944,4,0
178,FW,M. Simon,right,27,168,Ligue 1,FC Nantes,14 M,14000000,5,4,1,1,35,12,2813,3,0
179,FW,F. Sotoca,right,32,187,Ligue 1,Racing Club de Lens,14 M,14000000,7,9,1,3,81,30,3239,4,0
180,FW,A. Armstrong,right,26,172,Premier League,Southampton FC,13.9 M,13900000,2,1,0,0,25,12,1491,2,0
181,FW,C. Wilson,right,31,180,Premier League,Newcastle United FC,13.9 M,13900000,18,4,3,3,68,36,2033,4,0
182,FW,V. Muriqi,left,29,194,LaLiga,RCD Mallorca,13.8 M,13800000,15,1,4,5,71,29,3133,6,1
183,FW,A. Danjuma,right,26,178,Premier League,Tottenham Hotspur FC,13.7 M,13700000,3,0,1,1,18,8,756,0,0
184,FW,J. Correa,right,28,189,Serie A,FC Internazionale AC Milano,13.7 M,13700000,4,3,0,0,25,10,1379,1,0
185,FW,E. Touré,right,21,185,LaLiga,UD Almería,13.6 M,13600000,7,2,0,0,29,15,1451,0,0
186,FW,K. Iheanacho,left,26,185,Premier League,Leicester City,13.5 M,13500000,5,5,1,1,35,14,1263,0,0
187,FW,H. Diallo,right,28,186,Ligue 1,RC Strasbourg Alsace,13.5 M,13500000,20,1,3,4,86,41,3117,3,1
188,FW,T. Awoniyi,right,25,183,Premier League,Nottingham Forest FC,13.4 M,13400000,10,0,0,0,32,15,1511,2,0
189,FW,J. Anthony,right,23,183,Premier League,AFC Bournemouth,13.4 M,13400000,3,1,0,0,20,13,1408,2,0
190,FW,Dany Mota,right,25,180,Serie A,AC Monza,13.4 M,13400000,5,2,0,0,27,11,2047,2,0
191,FW,A. Elanga,right,21,178,Premier League,Manchester United,13.4 M,13400000,0,1,0,0,15,5,625,0,0
192,FW,R. Borré,right,27,174,Bundesliga,Eintracht Frankfurt,13.3 M,13300000,2,2,1,1,30,10,1461,5,0
193,FW,S. Becker,right,28,180,Bundesliga,1. FC Union Berlin,13.3 M,13300000,12,7,0,0,93,38,3569,6,0
194,FW,Silas,right,24,189,Bundesliga,VfB Stuttgart,13.2 M,13200000,5,2,1,1,42,18,2128,4,0
195,FW,S. El Shaarawy,right,30,178,Serie A,AS Roma,13.1 M,13100000,10,0,0,0,56,25,2302,3,0
196,FW,C. Dessers,right,28,185,Serie A,Cremonese,12.9 M,12900000,6,2,0,1,50,12,1713,3,0
197,FW,A. Pinamonti,right,24,188,Serie A,US Sassuolo,12.8 M,12800000,5,0,1,1,66,23,2287,3,1
198,FW,Borja Mayoral,right,26,182,LaLiga,Getafe CF,12.8 M,12800000,8,2,0,2,50,22,2944,4,0
199,FW,D. Undav,right,26,178,Premier League,Brighton,12.8 M,12800000,5,0,0,0,24,12,752,2,0
200,FW,C. Madueke,left,21,182,Premier League,Chelsea FC,12.7 M,12700000,1,0,0,0,16,9,813,0,0
201,FW,A. Kalimuendo,right,21,175,Ligue 1,Stade Rennais FC,12.6 M,12600000,7,2,0,0,44,22,2301,0,0
202,FW,P. Bamford,left,29,185,Premier League,Leeds United FC,12.6 M,12600000,4,0,0,2,43,18,1645,3,0
203,FW,Arthur Cabral,right,25,186,Serie A,ACF Fiorentina,12.4 M,12400000,8,1,2,2,47,21,1571,4,0
204,FW,R. Skov,left,27,185,Bundesliga,TSG Hoffenheim,12.4 M,12400000,3,1,2,2,38,13,1451,1,0
205,FW,E. Lamela,left,31,181,LaLiga,Sevilla FC,12.4 M,12400000,8,0,0,0,59,30,2749,15,1
206,FW,Rodrigo Riquelme,right,23,174,LaLiga,Girona FC,12.3 M,12300000,4,5,0,0,53,21,2387,1,0
207,FW,A. Hložek,right,20,188,Bundesliga,Bayer 04 Leverkusen,12.3 M,12300000,6,3,0,0,46,18,2072,2,0
208,FW,D. Okereke,right,25,182,Serie A,Cremonese,12.2 M,12200000,7,0,1,1,57,20,2414,4,0
209,FW,Mama Baldé,right,27,176,Ligue 1,ESTAC Troyes,12.2 M,12200000,11,3,1,1,68,25,2734,5,2
210,FW,G. Laborde,left,29,181,Ligue 1,OGC Nice,12.2 M,12200000,15,2,0,1,74,44,2917,0,0
211,FW,Rafael Ratão,right,27,182,Ligue 1,Toulouse FC,12.1 M,12100000,5,3,0,0,29,12,1939,2,0
212,FW,L. Boyé,right,27,183,LaLiga,Elche CF,12 M,12000000,7,2,0,1,67,19,2689,7,1
213,FW,L. Suárez,right,25,185,LaLiga,UD Almería,12 M,12000000,7,3,0,0,54,19,2038,6,1
214,FW,D. Welbeck,right,32,185,Premier League,Brighton,12 M,12000000,6,3,0,0,52,20,2042,0,0
215,FW,A. Knauff,right,21,180,Bundesliga,Eintracht Frankfurt,12 M,12000000,1,2,0,0,20,9,1701,2,0
216,FW,F. Bonazzoli,left,26,182,Serie A,US Salernitana,12 M,12000000,2,1,0,0,32,6,1221,1,0
217,FW,Álex Berenguer,right,27,175,LaLiga,Athletic Club Bilbao,11.8 M,11800000,4,1,0,0,56,20,2472,2,0
218,FW,Mostafa Mohamed,right,25,185,Ligue 1,FC Nantes,11.8 M,11800000,10,3,0,0,66,28,2619,3,0
219,FW,A. Sanabria,right,27,181,Serie A,Torino FC,11.7 M,11700000,12,3,1,1,58,23,2565,4,0
220,FW,Strefezza,right,26,168,Serie A,US Lecce,11.7 M,11700000,8,4,2,3,68,18,2568,5,0
221,FW,K. Sulemana,right,21,175,Premier League,Southampton FC,11.7 M,11700000,3,2,0,0,42,13,1644,1,0
222,FW,M. Nzola,left,26,185,Serie A,Spezia Calcio,11.7 M,11700000,13,2,3,4,64,26,2982,8,0
223,FW,A. Kramarić,right,32,177,Bundesliga,TSG Hoffenheim,11.4 M,11400000,12,3,4,6,62,26,2590,3,0
224,FW,A. Petagna,left,27,190,Serie A,AC Monza,11.4 M,11400000,4,6,1,1,34,13,1782,2,0
225,FW,R. Healey,right,28,180,Ligue 1,Toulouse FC,11.1 M,11100000,2,0,0,0,3,3,78,1,0
226,FW,D. Zapata,right,32,189,Serie A,Atalanta BC,11 M,11000000,2,2,0,0,40,9,1492,1,0
227,FW,J. Doku,right,21,173,Ligue 1,Stade Rennais FC,10.9 M,10900000,6,3,0,0,35,12,1654,0,0
228,FW,I. Ganago,right,24,176,Ligue 1,FC Nantes,10.9 M,10900000,6,3,0,0,37,16,1960,0,0
229,FW,Rodrigo,left,32,182,Premier League,Leeds United FC,10.9 M,10900000,13,1,1,1,60,26,2113,6,0
230,FW,M. Abline,right,20,182,Ligue 1,AJ Auxerre,10.8 M,10800000,4,1,1,2,39,13,1179,1,0
231,FW,J. Siebatcheu,right,27,191,Bundesliga,1. FC Union Berlin,10.8 M,10800000,4,2,0,2,36,9,1906,3,0
232,FW,Isi Palazón,left,28,169,LaLiga,Rayo Vallecano,10.8 M,10800000,9,4,1,2,94,24,3148,4,0
233,FW,A. Broja,right,21,191,Premier League,Chelsea FC,10.7 M,10700000,1,0,0,0,5,4,498,0,0
234,FW,Gorka Guruzeta,right,26,188,LaLiga,Athletic Club Bilbao,10.5 M,10500000,6,1,0,0,43,15,1517,2,0
235,FW,G. Simeone,right,27,181,Serie A,SSC Napoli,10.5 M,10500000,8,1,0,0,28,17,812,1,0
236,FW,E. Choupo-Moting,right,34,191,Bundesliga,FC Bayern München,10.5 M,10500000,14,1,0,1,43,25,1629,0,0
237,FW,Samu Castillejo,left,28,182,LaLiga,Valencia CF,10.5 M,10500000,4,0,0,0,32,10,1493,7,0
238,FW,M. Ingvartsen,left,27,187,Bundesliga,1. FSV Mainz 05,10.5 M,10500000,10,0,4,4,34,16,1419,2,0
239,FW,W. Kanga,right,25,189,Bundesliga,Hertha BSC,10.4 M,10400000,2,0,0,0,25,10,1513,3,0
240,FW,M. Bülter,right,30,190,Bundesliga,Schalke 04,10.3 M,10300000,11,1,4,4,62,27,2811,5,0
241,FW,N. Maupay,right,26,173,Premier League,Everton FC,10.3 M,10300000,1,0,0,0,25,11,1250,4,0
242,FW,S. Vignato,right,19,165,Serie A,AC Monza,10.3 M,10300000,0,0,0,0,1,0,87,0,0
243,FW,E. Guessand,right,21,187,Ligue 1,FC Nantes,10.1 M,10100000,3,1,0,0,25,11,1780,2,0
244,FW,D. James,right,25,180,Premier League,Leeds United FC,10 M,10000000,2,0,0,0,16,5,932,0,0
245,FW,Tiago Tomás,right,21,180,Bundesliga,VfB Stuttgart,10 M,10000000,3,3,0,0,32,12,1405,2,0
246,FW,J. Zirkzee,right,22,193,Serie A,Bologna FC 1909,9.99 M,9990000,2,1,0,0,29,8,927,2,0
247,FW,E. Dennis,right,25,175,Premier League,Nottingham Forest FC,9.98 M,9980000,2,1,0,0,19,7,805,3,0
248,FW,B. De Cordova-Reid,right,30,170,Premier League,Fulham FC,9.91 M,9910000,4,1,0,0,28,10,2671,8,0
249,FW,M. Broschinski,right,22,190,Bundesliga,VfL Bochum 1848,9.81 M,9810000,2,0,0,0,4,4,265,1,0
250,FW,J. Bynoe-Gittens,right,18,175,Bundesliga,Borussia Dortmund,9.81 M,9810000,3,1,0,0,22,11,643,1,0
251,FW,Hee-Chan Hwang,right,27,177,Premier League,Wolverhampton Wanderers FC,9.78 M,9780000,3,1,0,0,15,7,1250,1,0
252,FW,M. El Idrissy,right,24,181,Ligue 1,AC Ajaccio,9.71 M,9710000,6,0,0,0,49,17,2660,10,0
253,FW,B. Traoré,left,27,181,Premier League,Aston Villa FC,9.58 M,9580000,2,0,0,0,9,3,276,1,0
254,FW,S. Azmoun,right,28,186,Bundesliga,Bayer 04 Leverkusen,9.57 M,9570000,4,2,0,0,31,15,1352,1,0
255,FW,A. Delort,right,31,181,Ligue 1,FC Nantes,9.53 M,9530000,6,1,3,3,35,16,1321,0,0
256,FW,S. Mara,right,20,183,Premier League,Southampton FC,9.4 M,9400000,1,2,0,0,12,4,665,1,0
257,FW,J. Bruun Larsen,left,24,183,Bundesliga,TSG Hoffenheim,9.3 M,9300000,1,0,0,0,6,2,369,0,0
258,FW,M. Barrow,right,24,184,Serie A,Bologna FC 1909,9.27 M,9270000,3,6,0,0,60,15,2110,3,0
259,FW,M. Elyounoussi,right,28,178,Premier League,Southampton FC,9.24 M,9240000,1,1,0,0,33,8,2346,4,0
260,FW,T. Weah,right,23,183,Ligue 1,LOSC Lille,9.23 M,9230000,0,2,0,0,28,10,1892,2,0
261,FW,Matheus Cunha,right,24,184,Premier League,Wolverhampton Wanderers FC,9.14 M,9140000,2,2,0,0,35,15,1625,3,0
262,FW,L. Muriel,right,32,179,Serie A,Atalanta BC,9.1 M,9100000,3,3,1,1,31,8,1198,1,2
263,FW,J. Wind,right,24,190,Bundesliga,VfL Wolfsburg,9.07 M,9070000,6,0,0,1,26,10,1383,1,0
264,FW,J. Kluivert,right,24,172,LaLiga,Valencia CF,8.98 M,8980000,6,0,1,1,41,17,1599,4,0
265,FW,A. Sánchez,right,34,169,Ligue 1,Olympique de Marseille,8.9 M,8900000,16,3,2,3,81,38,3271,3,0
266,FW,Pablo Sarabia,left,31,174,Premier League,Wolverhampton Wanderers FC,8.9 M,8900000,1,0,0,0,27,6,1364,5,0
267,FW,Lucas Moura,right,30,174,Premier League,Tottenham Hotspur FC,8.83 M,8830000,1,0,0,0,4,1,418,0,1
268,FW,W. Odobert,right,18,182,Ligue 1,ESTAC Troyes,8.82 M,8820000,3,2,0,0,25,13,1778,0,0
269,FW,Mohamed-Ali Cho,left,19,181,LaLiga,Real Sociedad,8.74 M,8740000,1,2,0,0,22,13,814,1,0
270,FW,Aitor Ruibal,right,27,180,LaLiga,Real Betis,8.72 M,8720000,2,0,0,0,22,9,2303,6,1
271,FW,J. Allevinah,right,28,172,Ligue 1,Clermont,8.66 M,8660000,1,1,0,0,30,8,2390,2,0
272,FW,D. Ings,right,30,177,Premier League,West Ham United FC,8.64 M,8640000,8,2,2,2,38,18,1763,4,0
273,FW,Vitinha,right,23,183,Ligue 1,Olympique de Marseille,8.59 M,8590000,6,1,0,0,38,17,942,1,0
274,FW,J. Corona,right,30,173,LaLiga,Sevilla FC,8.59 M,8590000,1,0,0,0,1,1,131,0,0
275,FW,J. Strand Larsen,right,23,193,LaLiga,Celta de Vigo,8.58 M,8580000,4,4,0,0,34,14,1844,4,0
276,FW,M. Bayo,right,25,188,Ligue 1,LOSC Lille,8.5 M,8500000,4,0,0,0,19,10,753,1,0
277,FW,J. Durán,left,19,185,Premier League,Aston Villa FC,8.5 M,8500000,0,0,0,0,6,2,199,1,0
278,FW,C. Ejuke,right,25,176,Bundesliga,Hertha BSC,8.49 M,8490000,0,3,0,0,22,6,967,0,0
279,FW,K. Onisiwo,right,31,188,Bundesliga,1. FSV Mainz 05,8.48 M,8480000,10,2,0,0,60,29,2714,4,0
280,FW,C. Larin,right,28,188,LaLiga,Real Valladolid,8.47 M,8470000,8,3,2,2,45,18,1629,4,0
281,FW,M. Dabbur,right,31,183,Bundesliga,TSG Hoffenheim,8.46 M,8460000,6,2,0,0,25,14,1026,3,1
282,FW,D. Origi,right,28,189,Serie A,AC Milan,8.45 M,8450000,2,1,0,0,30,13,1322,2,0
283,FW,Iago Aspas,left,35,176,LaLiga,Celta de Vigo,8.42 M,8420000,12,3,2,3,74,33,3133,4,0
284,FW,D. Calvert-Lewin,right,26,187,Premier League,Everton FC,8.41 M,8410000,2,1,1,1,27,10,1243,3,0
285,FW,P. Aubameyang,right,34,186,Premier League,Chelsea FC,8.37 M,8370000,3,0,0,0,26,13,1058,1,0
286,FW,P. Ciurria,left,28,178,Serie A,AC Monza,8.36 M,8360000,6,5,0,0,49,23,2968,4,0
287,FW,A. Nordin,left,25,170,Ligue 1,Montpellier HSC,8.35 M,8350000,9,2,0,0,57,23,2542,4,0
288,FW,E. Ponce,right,26,181,LaLiga,Elche CF,8.13 M,8130000,4,0,0,0,28,7,1290,2,1
289,FW,Y. Belaïli,right,31,182,Ligue 1,AC Ajaccio,8.13 M,8130000,6,5,5,6,43,16,1588,5,0
290,FW,E. Rashani,left,30,181,Ligue 1,Clermont,8.13 M,8130000,3,3,0,0,33,13,2279,3,0
291,FW,T. Henry,right,28,191,Serie A,Hellas Verona FC,8.1 M,8100000,2,0,0,0,16,4,1098,4,0
292,FW,J. Mateta,right,25,190,Premier League,Crystal Palace,8.07 M,8070000,2,0,0,0,23,8,898,3,0
293,FW,S. Lammers,left,26,191,Serie A,US Sampdoria,8.07 M,8070000,2,2,0,0,48,17,2134,1,0
294,FW,Javi Puado,right,25,177,LaLiga,RCD Espanyol,8.06 M,8060000,6,1,0,0,50,21,2510,4,0
295,FW,M. Satriano,right,22,184,Serie A,Empoli FC,8 M,8000000,2,1,0,0,36,9,1851,4,0
296,FW,K. Andrić,right,27,189,Ligue 1,Clermont,8 M,8000000,4,3,1,2,24,13,1564,4,0
297,FW,K. Piątek,right,27,183,Serie A,US Salernitana,7.89 M,7890000,4,4,1,1,52,20,2352,5,0
298,FW,A. Rebić,right,29,185,Serie A,AC Milan,7.73 M,7730000,3,1,0,0,32,13,1351,4,0
299,FW,N. Kebano,right,31,170,Premier League,Fulham FC,7.51 M,7510000,0,3,0,0,5,2,837,0,0
300,FW,K. Schade,right,21,183,Premier League,AFC Bournemouth,7.5 M,7500000,1,1,0,0,14,3,1156,3,0
301,FW,Carles Pérez,left,25,173,LaLiga,Celta de Vigo,7.5 M,7500000,3,4,0,0,51,18,2317,4,0
302,FW,A. Belotti,right,29,181,Serie A,AS Roma,7.47 M,7470000,3,1,0,1,34,15,2166,0,0
303,FW,F. Chiesa,right,25,175,Serie A,Juventus FC,7.4 M,7400000,3,5,0,0,36,7,1424,4,0
304,FW,J. Ayew,right,31,182,Premier League,Crystal Palace,7.35 M,7350000,4,3,0,0,30,11,2933,5,0
305,FW,A. Hunou,right,29,179,Ligue 1,Angers Sporting Club de l’Ouest,7.33 M,7330000,4,1,0,0,40,15,2338,2,0
306,FW,B. Dieng,right,23,178,Ligue 1,FC Lorient,7.31 M,7310000,4,1,1,1,31,15,1028,2,0
307,FW,Raúl de Tomás,right,28,180,LaLiga,Rayo Vallecano,7.27 M,7270000,4,0,1,2,40,15,883,2,0
308,FW,M. Arnautović,right,34,192,Serie A,Bologna FC 1909,7.23 M,7230000,10,0,3,3,30,18,1646,5,0
309,FW,E. Ávila,left,29,181,LaLiga,CA Osasuna,7.2 M,7200000,8,2,2,3,65,24,1807,7,1
310,FW,Gonçalo Paciência,right,28,184,LaLiga,Celta de Vigo,7.18 M,7180000,2,0,0,0,28,10,778,2,1
311,FW,A. Claude-Maurice,right,25,174,Ligue 1,Racing Club de Lens,7 M,7000000,5,3,0,0,17,10,747,0,0
312,FW,Joselu,right,33,192,LaLiga,RCD Espanyol,6.96 M,6960000,16,1,5,5,87,37,3284,3,0
313,FW,M. Soulé,left,20,176,Serie A,Juventus FC,6.95 M,6950000,1,0,0,0,13,5,566,0,0
314,FW,W. Saïd,right,28,171,Ligue 1,Racing Club de Lens,6.93 M,6930000,5,0,0,0,27,10,721,2,0
315,FW,J. Ito,right,30,177,Ligue 1,Stade de Reims,6.86 M,6860000,6,4,0,0,41,18,3094,3,1
316,FW,D. Burgzorg,right,24,186,Bundesliga,1. FSV Mainz 05,6.84 M,6840000,0,1,0,0,4,2,298,2,0
317,FW,Y. Cathline,right,20,176,Ligue 1,FC Lorient,6.77 M,6770000,1,2,0,0,23,9,1175,0,0
318,FW,Rony Lopes,left,27,174,Ligue 1,ESTAC Troyes,6.73 M,6730000,7,4,0,0,52,17,2484,2,0
319,FW,Bryan Gil,left,22,175,LaLiga,Sevilla FC,6.73 M,6730000,2,4,0,0,25,7,1667,7,0
320,FW,M. Antonio,right,33,180,Premier League,West Ham United FC,6.67 M,6670000,5,2,0,0,32,12,1972,2,0
321,FW,I. Koné,left,24,190,Ligue 1,FC Lorient,6.62 M,6620000,7,1,2,3,28,14,1713,3,0
322,FW,F. Cervi,left,29,165,LaLiga,Celta de Vigo,6.61 M,6610000,0,4,0,0,21,6,2088,2,1
323,FW,K. Volland,left,30,179,Ligue 1,AS Monaco FC,6.6 M,6600000,6,1,0,0,25,12,1070,1,0
324,FW,Suso,left,29,176,LaLiga,Sevilla FC,6.58 M,6580000,3,4,0,0,43,19,1770,2,0
325,FW,F. Dietz,right,24,188,Bundesliga,1. FC Köln,6.53 M,6530000,1,0,0,0,14,4,437,1,0
326,FW,M. Richter,right,25,176,Bundesliga,Hertha BSC,6.53 M,6530000,6,4,0,0,46,12,1979,8,0
327,FW,M. Solomon,right,23,170,Premier League,Fulham FC,6.42 M,6420000,4,0,0,0,11,7,679,0,0
328,FW,L. Ajorque,right,29,197,Bundesliga,1. FSV Mainz 05,6.4 M,6400000,7,0,1,1,48,20,2122,6,0
329,FW,R. Jiménez,left,32,190,Premier League,Wolverhampton Wanderers FC,6.4 M,6400000,0,1,0,0,20,9,953,0,0
330,FW,T. Asano,right,28,173,Bundesliga,VfL Bochum 1848,6.36 M,6360000,3,2,0,0,47,18,1807,1,0
331,FW,M. Boadu,right,22,181,Ligue 1,AS Monaco FC,6.31 M,6310000,3,0,0,0,9,5,476,0,0
332,FW,L. Sinayoko,right,23,186,Ligue 1,AJ Auxerre,6.3 M,6300000,1,2,0,0,41,13,1682,1,1
333,FW,T. Lemperle,right,21,189,Bundesliga,1. FC Köln,6.29 M,6290000,0,0,0,0,1,0,169,0,0
334,FW,Ayoze Pérez,right,29,178,LaLiga,Real Betis,6.28 M,6280000,4,2,0,0,43,16,2025,3,0
335,FW,L. Alario,right,30,184,Bundesliga,Eintracht Frankfurt,6.13 M,6130000,1,0,0,0,9,4,444,0,0
336,FW,A. Ceesay,left,29,188,Serie A,US Lecce,6.12 M,6120000,6,0,1,1,35,11,1975,2,0
337,FW,P. Hofmann,right,30,195,Bundesliga,VfL Bochum 1848,6.1 M,6100000,8,2,0,0,47,22,2798,5,0
338,FW,F. Di Francesco,right,29,178,Serie A,US Lecce,6.09 M,6090000,2,2,0,0,37,17,2199,6,0
339,FW,B. Brahimi,left,23,183,Ligue 1,OGC Nice,5.98 M,5980000,3,1,0,0,19,6,890,0,0
340,FW,Choco Lozano,right,30,183,LaLiga,Cádiz FC,5.94 M,5940000,1,0,0,0,28,9,1607,6,0
341,FW,B. Ocampo,right,23,172,LaLiga,Cádiz FC,5.93 M,5930000,1,2,0,0,13,2,1204,2,0
342,FW,L. Colombo,left,21,183,Serie A,US Lecce,5.92 M,5920000,5,1,1,2,39,13,1643,4,0
343,FW,A. Álvarez,right,22,177,Serie A,US Sassuolo,5.9 M,5900000,1,1,0,0,14,4,476,1,0
344,FW,Á. Di María,left,35,180,Serie A,Juventus FC,5.88 M,5880000,8,5,2,2,62,25,2226,1,1
345,FW,J. Le Douaron,left,25,189,Ligue 1,Stade Brestois 29,5.85 M,5850000,10,2,0,0,48,22,2195,1,0
346,FW,Juanmi,right,30,172,LaLiga,Real Betis,5.83 M,5830000,4,1,0,0,25,10,1237,3,0
347,FW,M. Díaz,right,29,180,LaLiga,Real Madrid,5.77 M,5770000,0,0,0,0,5,0,215,2,0
348,FW,S. Surridge,right,24,191,Premier League,Nottingham Forest FC,5.72 M,5720000,1,0,0,0,9,2,440,2,0
349,FW,S. Mounié,right,28,190,Ligue 1,Stade Brestois 29,5.64 M,5640000,6,0,1,1,49,19,1767,2,0
350,FW,N. Cambiaghi,right,22,173,Serie A,Empoli FC,5.63 M,5630000,6,1,0,0,37,16,1437,4,1
351,FW,Willian,right,34,175,Premier League,Fulham FC,5.6 M,5600000,5,6,0,0,39,18,2242,2,0
352,FW,S. Greenwood,right,21,180,Premier League,Leeds United FC,5.6 M,5600000,1,2,0,0,11,2,513,1,0
353,FW,L. Höler,right,28,184,Bundesliga,SC Freiburg,5.58 M,5580000,5,2,0,0,31,16,1840,2,0
354,FW,L. Diony,right,30,183,Ligue 1,Angers Sporting Club de l’Ouest,5.56 M,5560000,2,0,0,0,10,5,552,1,0
355,FW,K. Moore,right,30,195,Premier League,AFC Bournemouth,5.55 M,5550000,4,0,0,0,23,8,1434,1,0
356,FW,Ander Barrenetxea,right,21,175,LaLiga,Real Sociedad,5.52 M,5520000,3,1,0,0,18,12,977,4,0
357,FW,G. Kyei,right,27,187,Ligue 1,Clermont,5.5 M,5500000,10,3,4,6,58,22,2373,3,0
358,FW,G. Hein,left,26,170,Ligue 1,AJ Auxerre,5.46 M,5460000,2,0,0,0,35,9,1961,1,0
359,FW,L. D'Andrea,left,18,173,Serie A,US Sassuolo,5.46 M,5460000,0,1,0,0,7,3,329,0,0
360,FW,Junior Messias,left,32,174,Serie A,AC Milan,5.43 M,5430000,6,0,0,0,37,13,1944,3,0
361,FW,E. Simms,right,22,191,Premier League,Everton FC,5.35 M,5350000,1,0,0,0,8,1,282,0,0
362,FW,F. Alidou,right,21,186,Bundesliga,Eintracht Frankfurt,5.3 M,5300000,1,1,0,0,4,2,338,0,0
363,FW,Carlos Vinícius,left,28,190,Premier League,Fulham FC,5.3 M,5300000,5,2,0,0,21,12,1296,3,0
364,FW,W. Weghorst,right,30,197,Premier League,Manchester United,5.28 M,5280000,1,0,0,0,20,10,1286,2,0
365,FW,I. Cardona,right,25,185,Bundesliga,FC Augsburg,5.21 M,5210000,1,0,0,0,14,6,639,2,0
366,FW,E. Shomurodov,right,27,190,Serie A,Spezia Calcio,5.2 M,5200000,2,1,0,0,28,11,1185,2,0
367,FW,G. Holtmann,left,28,185,Bundesliga,VfL Bochum 1848,5.2 M,5200000,1,1,0,0,32,13,1023,0,0
368,FW,I. Pussetto,right,27,180,Serie A,US Sampdoria,5.19 M,5190000,0,0,0,0,2,2,177,1,0
369,FW,A. Sima,right,22,188,Ligue 1,Angers Sporting Club de l’Ouest,5.19 M,5190000,5,1,0,0,37,11,1969,0,0
370,FW,M. Braithwaite,right,32,177,LaLiga,RCD Espanyol,5.19 M,5190000,10,1,0,0,53,22,2635,5,1
371,FW,Jon Morcillo,left,24,183,LaLiga,Athletic Club Bilbao,5.18 M,5180000,0,1,0,0,0,0,121,0,0
372,FW,M. Cancellieri,left,21,180,Serie A,SS Lazio,5.16 M,5160000,0,0,0,0,13,2,594,5,0
373,FW,M. Frey,right,28,188,Bundesliga,Schalke 04,5.15 M,5150000,0,3,0,0,26,8,924,2,0
374,FW,E. Gyasi,right,29,181,Serie A,Spezia Calcio,5.13 M,5130000,2,0,0,0,32,14,2968,10,0
375,FW,S. Zoller,right,31,179,Bundesliga,VfL Bochum 1848,5.12 M,5120000,3,2,0,0,27,8,1557,5,0
376,FW,Pere Milla,left,30,184,LaLiga,Elche CF,5.12 M,5120000,6,1,3,3,32,10,2044,6,0
377,FW,Hugo Duro,left,23,182,LaLiga,Valencia CF,5.03 M,5030000,1,0,0,1,29,10,1582,5,0
378,FW,Dani Gómez,right,24,178,LaLiga,RCD Espanyol,4.97 M,4970000,0,0,0,0,0,0,146,2,0
379,FW,Y. Kallon,left,21,175,Serie A,Hellas Verona FC,4.96 M,4960000,1,1,0,0,19,6,963,1,0
380,FW,A. Semenyo,right,23,178,Premier League,AFC Bournemouth,4.95 M,4950000,1,0,0,0,3,1,319,0,0
381,FW,L. Romero,left,18,166,Serie A,SS Lazio,4.88 M,4880000,1,0,0,0,7,1,238,1,1
382,FW,S. Mavididi,right,25,182,Ligue 1,Montpellier HSC,4.85 M,4850000,4,1,0,0,39,15,1375,1,1
383,FW,M. van Bergen,right,23,170,Ligue 1,Stade de Reims,4.81 M,4810000,0,1,0,0,25,13,1013,0,0
384,FW,K. Dolberg,right,25,187,Bundesliga,TSG Hoffenheim,4.79 M,4790000,1,0,0,0,10,5,799,0,0
385,FW,M. Gabbiadini,left,31,186,Serie A,US Sampdoria,4.79 M,4790000,7,2,0,0,68,27,2545,6,0
386,FW,J. Bela,right,30,173,Ligue 1,Clermont,4.77 M,4770000,1,1,0,0,11,5,815,0,0
387,FW,Reinier,right,21,185,LaLiga,Girona FC,4.74 M,4740000,2,1,0,0,10,4,749,1,0
388,FW,A. Zerbin,right,24,182,Serie A,SSC Napoli,4.7 M,4700000,0,0,0,0,6,5,296,1,0
389,FW,M. Oršić,right,30,179,Premier League,Southampton FC,4.7 M,4700000,5,0,1,1,27,8,965,1,0
390,FW,I. Salah,right,21,187,Ligue 1,Stade Rennais FC,4.67 M,4670000,1,0,0,0,8,3,316,0,0
391,FW,K. Lasagna,left,30,181,Serie A,Hellas Verona FC,4.62 M,4620000,1,1,0,0,47,10,1704,2,0
392,FW,A. Onaiwu,right,27,180,Ligue 1,Toulouse FC,4.6 M,4600000,2,0,0,0,20,5,1223,0,0
393,FW,M. Coco,right,26,184,Ligue 1,FC Nantes,4.57 M,4570000,1,0,0,0,7,1,860,2,0
394,FW,E. Vignato,right,22,175,Serie A,Empoli FC,4.57 M,4570000,1,1,0,0,3,2,355,1,0
395,FW,Rubén Sobrino,right,31,185,LaLiga,Cádiz FC,4.55 M,4550000,3,2,0,0,28,12,2707,11,0
396,FW,Y. Karamoh,right,24,185,Serie A,Torino FC,4.45 M,4450000,4,0,0,0,19,12,804,2,0
397,FW,E. Botheim,right,23,185,Serie A,US Salernitana,4.4 M,4400000,1,3,0,0,5,1,1009,2,0
398,FW,W. Khazri,right,32,176,Ligue 1,Montpellier HSC,4.36 M,4360000,4,1,0,0,34,15,1754,5,1
399,FW,Y. Poulsen,right,29,192,Bundesliga,RB Leipzig,4.33 M,4330000,2,1,0,0,12,6,573,1,0
400,FW,Pedro,right,35,169,Serie A,SS Lazio,4.31 M,4310000,6,2,0,0,48,18,2343,2,0
401,FW,K. Bellarabi,right,33,184,Bundesliga,Bayer 04 Leverkusen,4.27 M,4270000,0,0,0,0,1,1,124,0,0
402,FW,M. Niang,right,28,188,Ligue 1,AJ Auxerre,4.25 M,4250000,6,0,3,3,30,15,1573,2,2
403,FW,C. Bayala,right,27,181,Ligue 1,AC Ajaccio,4.24 M,4240000,1,1,0,0,20,4,2151,3,1
404,FW,G. Perrin,right,27,169,Ligue 1,AJ Auxerre,4.21 M,4210000,3,1,1,1,27,10,1500,1,0
405,FW,Carlos Fernández,right,27,186,LaLiga,Real Sociedad,4.19 M,4190000,1,0,0,0,25,7,928,8,1
406,FW,O. Giroud,left,36,192,Serie A,AC Milan,4.19 M,4190000,18,4,5,6,100,46,3301,8,1
407,FW,S. Dembélé,right,26,173,Ligue 1,AJ Auxerre,4.18 M,4180000,0,0,0,0,8,5,554,1,0
408,FW,D. Verde,left,26,168,Serie A,Spezia Calcio,4.17 M,4170000,3,0,1,1,33,13,1171,1,0
409,FW,E. Ceide,right,21,175,Serie A,US Sassuolo,4.15 M,4150000,0,1,0,0,11,3,592,0,0
410,FW,Marcos André,right,26,184,LaLiga,Valencia CF,4.05 M,4050000,1,0,0,0,12,2,547,2,1
411,FW,M. Terrier,right,26,184,Ligue 1,Stade Rennais FC,40.4 M,4040000,12,5,0,0,53,31,1792,0,0
412,FW,A. Budimir,left,31,190,LaLiga,CA Osasuna,4.01 M,4010000,8,0,0,0,51,20,1929,5,0
413,FW,E. Džeko,right,37,193,Serie A,FC Internazionale AC Milano,3.99 M,3990000,13,4,0,0,92,35,2754,5,0
414,FW,J. Leweling,right,22,184,Bundesliga,1. FC Union Berlin,3.97 M,3970000,1,1,0,0,11,6,438,1,0
415,FW,L. Pfeiffer,right,26,196,Bundesliga,VfB Stuttgart,3.97 M,3970000,0,0,0,0,10,1,792,1,1
416,FW,D. Selke,right,28,195,Bundesliga,1. FC Köln,3.96 M,3960000,6,1,1,1,31,19,1245,3,0
417,FW,A. Virginius,right,20,175,Ligue 1,LOSC Lille,3.96 M,3960000,1,0,0,0,12,5,315,1,0
418,FW,L. Waldschmidt,left,27,181,Bundesliga,VfL Wolfsburg,3.93 M,3930000,4,0,1,1,11,6,593,0,0
419,FW,A. Elis,right,27,185,Ligue 1,Stade Brestois 29,3.92 M,3920000,0,0,0,0,3,1,295,0,0
420,FW,P. Onuachu,right,29,201,Premier League,Southampton FC,3.91 M,3910000,0,0,0,0,9,6,464,0,0
421,FW,Willian José,right,31,186,LaLiga,Real Betis,3.89 M,3890000,4,1,2,2,27,8,1416,1,0
422,FW,J. Ngankam,right,22,180,Bundesliga,Hertha BSC,3.89 M,3890000,4,1,1,1,18,9,899,5,0
423,FW,G. Defrel,left,32,180,Serie A,US Sassuolo,3.78 M,3780000,2,0,0,0,14,10,1283,3,0
424,FW,T. Bongonda,left,27,177,LaLiga,Cádiz FC,3.76 M,3760000,4,2,1,1,40,15,2075,2,0
425,FW,S. Iling-Junior,left,19,182,Serie A,Juventus FC,3.76 M,3760000,1,2,0,0,5,2,570,2,0
426,FW,K. Karaman,right,29,189,Bundesliga,Schalke 04,3.74 M,3740000,1,2,0,0,19,10,1077,2,0
427,FW,D. Seck,left,22,190,Serie A,Torino FC,3.74 M,3740000,0,0,0,0,10,3,585,0,0
428,FW,S. Michel,left,32,177,Bundesliga,1. FC Union Berlin,3.74 M,3740000,5,1,1,1,23,7,789,2,1
429,FW,N. Sansone,right,31,173,Serie A,Bologna FC 1909,3.7 M,3700000,4,2,0,0,21,8,816,2,0
430,FW,T. Kadewere,right,27,183,LaLiga,RCD Mallorca,3.69 M,3690000,1,0,0,0,18,5,609,1,0
431,FW,O. Solbakken,left,24,186,Serie A,AS Roma,3.68 M,3680000,1,4,0,0,12,4,968,2,0
432,FW,F. Afena-Gyan,right,20,175,Serie A,Cremonese,3.67 M,3670000,0,0,0,0,20,2,925,4,0
433,FW,M. Pjaca,right,28,186,Serie A,Empoli FC,3.65 M,3650000,0,0,0,0,15,2,607,1,0
434,FW,Munir El Haddadi,left,27,175,LaLiga,Getafe CF,3.65 M,3650000,3,1,0,0,28,10,1286,4,0
435,FW,I. Ugbo,right,24,184,Ligue 1,ESTAC Troyes,3.62 M,3620000,2,1,0,0,15,6,966,0,0
436,FW,Léo Baptistão,right,30,185,LaLiga,UD Almería,3.61 M,3610000,5,1,0,0,42,14,1818,7,0
437,FW,M. Mustapha,right,22,185,Bundesliga,1. FSV Mainz 05,3.57 M,3570000,0,0,0,0,3,0,93,1,0
438,FW,E. Dinkci,right,21,187,Bundesliga,SV Werder Bremen,3.56 M,3560000,0,0,0,0,3,0,301,0,0
439,FW,Jeffinho,right,23,176,Ligue 1,Olympique Lyonnais,3.56 M,3560000,1,0,0,0,10,5,483,1,0
440,FW,I. Bebou,right,29,185,Bundesliga,TSG Hoffenheim,3.55 M,3550000,7,0,1,1,27,14,1519,2,0
441,FW,P. Yade,left,23,186,Ligue 1,ESTAC Troyes,3.53 M,3530000,0,2,0,0,10,3,626,1,1
442,FW,A. Gaich,right,24,190,Serie A,Hellas Verona FC,3.5 M,3500000,2,0,0,0,24,7,834,2,0
443,FW,I. Niane,right,24,187,Ligue 1,Angers Sporting Club de l’Ouest,3.47 M,3470000,2,0,0,0,24,9,1189,4,0
444,FW,K. Gameiro,right,36,172,Ligue 1,RC Strasbourg Alsace,3.47 M,3470000,10,0,1,2,44,26,2264,1,1
445,FW,C. Wood,right,31,191,Premier League,Nottingham Forest FC,3.44 M,3440000,3,0,1,1,10,6,923,0,0
446,FW,P. Pellegri,right,22,188,Serie A,Torino FC,3.4 M,3400000,2,0,0,0,10,5,541,3,0
447,FW,D. Machís,right,30,171,LaLiga,Real Valladolid,3.39 M,3390000,0,1,0,0,18,5,656,1,0
448,FW,S. Polter,right,32,192,Bundesliga,Schalke 04,3.38 M,3380000,2,1,0,0,9,5,727,3,0
449,FW,R. Piccoli,right,22,190,Serie A,Empoli FC,3.34 M,3340000,2,0,0,0,14,7,785,0,0
450,FW,C. Antwi-Adjei,right,29,173,Bundesliga,VfL Bochum 1848,3.28 M,3280000,3,4,0,0,26,8,2119,2,0
451,FW,F. El Melali,right,26,168,Ligue 1,Angers Sporting Club de l’Ouest,3.28 M,3280000,0,0,0,0,10,2,851,1,0
452,FW,T. Skarke,right,26,181,Bundesliga,Schalke 04,3.28 M,3280000,1,1,0,0,15,6,589,1,0
453,FW,R. Oudin,left,26,186,Serie A,US Lecce,3.22 M,3220000,3,0,0,0,36,13,1475,3,0
454,FW,S. Ganvoula,right,26,191,Bundesliga,VfL Bochum 1848,3.2 M,3200000,0,0,0,0,8,3,312,1,0
455,FW,J. Perea,right,23,180,Bundesliga,VfB Stuttgart,3.19 M,3190000,1,0,0,0,2,1,491,0,0
456,FW,A. Sarr,right,22,188,Ligue 1,Olympique Lyonnais,3.19 M,3190000,1,1,0,0,6,5,582,0,0
457,FW,J. Braaf,right,20,180,Serie A,Hellas Verona FC,3.14 M,3140000,0,0,0,0,9,3,311,1,0
458,FW,N. Mbuku,left,21,170,Bundesliga,FC Augsburg,3.14 M,3140000,0,0,0,0,2,0,128,0,0
459,FW,C. Ngonge,left,23,179,Serie A,Hellas Verona FC,3.12 M,3120000,5,1,0,0,26,11,885,3,0
460,FW,S. Ghoddos,right,29,176,Premier League,AFC Bournemouth,3.11 M,3110000,0,0,0,0,1,1,227,0,0
461,FW,F. Tsadjout,left,23,190,Serie A,Cremonese,3.11 M,3110000,3,1,0,0,24,10,1127,1,0
462,FW,A. Modeste,right,35,187,Bundesliga,Borussia Dortmund,3.09 M,3090000,2,1,0,0,21,9,1244,5,0
463,FW,Diego Costa,right,34,186,Premier League,Wolverhampton Wanderers FC,3.06 M,3060000,1,0,0,0,24,14,1345,5,1
464,FW,T. Arconte,right,19,181,Ligue 1,Stade Brestois 29,3.05 M,3050000,0,0,0,0,2,1,141,0,0
465,FW,D. Maldini,right,21,188,Serie A,Spezia Calcio,3.03 M,3030000,2,0,0,0,16,6,692,1,0
466,FW,J. Vardy,right,36,179,Premier League,Leicester City,2.99 M,2990000,3,1,0,1,23,14,2040,1,0
467,FW,S. Jovetić,right,33,183,Bundesliga,Hertha BSC,2.99 M,2990000,4,2,0,0,25,6,983,0,0
468,FW,N. Holm,right,22,186,Ligue 1,Stade de Reims,2.98 M,2980000,0,0,0,0,2,0,225,1,0
469,FW,Chris Ramos,right,26,190,LaLiga,Cádiz FC,2.96 M,2960000,1,0,0,0,27,4,817,2,0
470,FW,S. Adamyan,right,30,184,Bundesliga,1. FC Köln,2.96 M,2960000,1,1,0,0,19,9,733,3,0
471,FW,A. Ndiaye,right,26,173,LaLiga,RCD Mallorca,2.96 M,2960000,2,0,0,0,21,7,1361,2,1
472,FW,Roger Martí,right,32,179,LaLiga,Cádiz FC,2.95 M,2950000,1,1,0,0,19,5,1396,3,0
473,FW,P. Herrmann,right,32,179,Bundesliga,Borussia Mönchengladbach,2.92 M,2920000,1,0,0,0,6,2,249,2,0
474,FW,Iván Alejo,right,28,186,LaLiga,Cádiz FC,2.91 M,2910000,0,1,0,0,22,6,1490,12,1
475,FW,Andrés Martín,left,23,170,LaLiga,Rayo Vallecano,2.91 M,2910000,0,0,0,0,3,2,249,1,0
476,FW,H. Seferović,left,31,189,LaLiga,Celta de Vigo,2.8 M,2800000,3,1,0,0,12,7,964,3,0
477,FW,K. Behrens,right,32,185,Bundesliga,1. FC Union Berlin,2.77 M,2770000,8,1,0,0,38,17,2033,6,0
478,FW,F. Niederlechner,left,32,187,Bundesliga,Hertha BSC,2.76 M,2760000,5,1,0,0,41,20,1827,3,0
479,FW,K. Yeboah,right,23,185,Bundesliga,FC Augsburg,2.73 M,2730000,1,1,0,0,12,5,392,0,0
480,FW,Abdón Prats,left,30,181,LaLiga,RCD Mallorca,2.71 M,2710000,1,1,0,0,6,4,553,1,0
481,FW,K. Sierhuis,right,25,180,Ligue 1,Stade de Reims,2.69 M,2690000,0,0,0,0,5,1,264,0,0
482,FW,B. Makouana,right,20,181,Ligue 1,Montpellier HSC,2.67 M,2670000,0,0,0,0,6,1,234,1,0
483,FW,Jesé Rodríguez,right,30,178,Serie A,US Sampdoria,2.67 M,2670000,1,1,0,0,3,2,269,0,0
484,FW,Sergio León,right,34,176,LaLiga,Real Valladolid,2.56 M,2560000,6,0,1,2,26,16,1467,0,1
485,FW,E. Cavani,right,36,184,LaLiga,Valencia CF,2.55 M,2550000,5,2,2,3,31,10,1567,5,0
486,FW,Sergi Guardiola,left,32,185,LaLiga,Cádiz FC,2.54 M,2540000,3,0,0,0,34,16,1803,3,0
487,FW,A. Buksa,left,26,193,Ligue 1,Racing Club de Lens,2.54 M,2540000,0,0,0,0,0,0,133,0,0
488,FW,Portu,right,31,167,LaLiga,Getafe CF,2.49 M,2490000,0,3,0,0,13,4,1970,6,1
489,FW,Kike García,right,33,186,LaLiga,CA Osasuna,2.48 M,2480000,2,0,1,1,38,12,1170,5,0
490,FW,D. Montevago,right,20,184,Serie A,US Sampdoria,2.46 M,2460000,0,0,0,0,6,2,262,1,0
491,FW,Nuno Da Costa,right,32,182,Ligue 1,AJ Auxerre,2.44 M,2440000,5,3,0,0,38,11,2090,4,1
492,FW,S. Hamulić,right,22,188,Ligue 1,Toulouse FC,2.42 M,2420000,0,0,0,0,1,0,129,1,0
493,FW,D. Beljo,left,21,195,Bundesliga,FC Augsburg,2.42 M,2420000,3,2,0,0,11,5,1203,2,0
494,FW,M. Destro,right,32,182,Serie A,Empoli FC,2.41 M,2410000,1,0,0,0,19,7,645,3,0
495,FW,José Luis Morales,right,35,184,LaLiga,Villarreal,2.37 M,2370000,7,0,0,0,38,19,1381,2,0
496,FW,M. Philipp,right,29,183,Bundesliga,SV Werder Bremen,2.36 M,2360000,1,0,0,0,11,4,638,1,0
497,FW,Ó. Trejo,right,35,180,LaLiga,Rayo Vallecano,2.22 M,2220000,3,3,1,3,23,7,2277,9,0
498,FW,A. Solari,right,31,180,LaLiga,Celta de Vigo,2.22 M,2220000,0,0,0,0,2,0,320,0,0
499,FW,M. Djitté,right,23,180,Ligue 1,AC Ajaccio,2.2 M,2200000,0,0,0,0,2,0,152,0,0
500,FW,L. Mothiba,right,27,182,Ligue 1,RC Strasbourg Alsace,2.16 M,2160000,3,0,0,0,9,5,524,0,0
501,FW,Juanmi Latasa,left,22,192,LaLiga,Getafe CF,2.15 M,2150000,1,0,0,0,12,4,554,2,0
502,FW,C. Gytkjær,right,33,185,Serie A,AC Monza,2.14 M,2140000,1,0,0,1,11,5,670,0,0
503,FW,F. Caputo,right,35,181,Serie A,Empoli FC,2.09 M,2090000,6,3,2,2,56,22,2990,1,0
504,FW,T. Kastanaras,right,20,186,Bundesliga,VfB Stuttgart,2.09 M,2090000,0,0,0,0,1,1,85,0,0
505,FW,R. Krollis,left,21,186,Serie A,Spezia Calcio,2.06 M,2060000,0,0,0,0,2,1,53,0,0
506,FW,I. Nestorovski,left,33,183,Serie A,Udinese Calcio,2.01 M,2010000,2,1,0,0,12,4,744,3,0
507,FW,M. Đurić,right,33,198,Serie A,Hellas Verona FC,2 M,2000000,1,1,0,0,14,5,1599,3,0
508,FW,F. Thauvin,left,30,181,Serie A,Udinese Calcio,1.83 M,1830000,0,0,0,0,10,3,624,1,0
509,FW,Dyego Sousa,right,33,189,LaLiga,UD Almería,1.72 M,1720000,0,1,0,0,13,6,628,1,0
510,FW,S. Terodde,right,35,192,Bundesliga,Schalke 04,1.65 M,1650000,5,0,0,1,41,18,1987,5,0
511,FW,D. Valencia CF,right,23,185,Serie A,US Salernitana,1.65 M,1650000,0,0,0,0,1,1,286,1,0
512,FW,R. Hamouma,right,36,179,Ligue 1,AC Ajaccio,1.62 M,1620000,2,2,0,0,15,6,1155,3,2
513,FW,V. Germain,right,33,181,Ligue 1,Montpellier HSC,1.6 M,1600000,2,0,0,0,18,5,816,1,1
514,FW,N. Petersen,right,34,188,Bundesliga,SC Freiburg,1.48 M,1480000,2,0,1,1,14,7,757,1,0
515,FW,J. Voelkerling Persson,right,20,181,Serie A,US Lecce,1.39 M,1390000,0,0,0,0,1,0,149,0,0
516,FW,Raúl García,right,36,184,LaLiga,Athletic Club Bilbao,1.38 M,1380000,2,2,0,0,42,14,1132,4,0
517,FW,A. Ayew,left,33,176,Premier League,Nottingham Forest FC,1.34 M,1340000,0,0,0,1,4,2,396,1,0
518,FW,Z. Ibrahimović,right,41,195,Serie A,AC Milan,1.27 M,1270000,1,0,1,1,5,3,169,0,0
519,FW,C. Stuani,right,36,186,LaLiga,Girona FC,1.27 M,1270000,9,0,5,6,31,21,1316,8,0
520,FW,R. Falcao,right,37,177,LaLiga,Rayo Vallecano,1.18 M,1180000,2,0,1,1,19,6,777,4,0
521,FW,Álvaro Negredo,left,37,186,LaLiga,Cádiz FC,1.18 M,1180000,1,2,0,0,19,8,859,0,0
522,FW,Jaime Mata,right,34,186,LaLiga,Getafe CF,1.02 M,1020000,1,1,0,0,12,4,529,4,0
523,FW,Joaquín,right,41,179,LaLiga,Real Betis,904 K,904000,1,2,0,0,11,4,1016,3,0
524,FW,D. Ciofani,right,37,191,Serie A,Cremonese,806 K,806000,8,0,3,4,29,17,1179,1,0
525,FW,Y. Touzghar,right,36,179,Ligue 1,AC Ajaccio,750 K,750000,0,0,0,0,2,0,496,0,1
526,FW,Ángel Rodríguez,right,36,172,LaLiga,RCD Mallorca,723 K,723000,1,0,0,0,13,6,474,0,0
527,FW,F. Quagliarella,right,40,180,Serie A,US Sampdoria,711 K,711000,1,1,0,0,33,7,904,2,0
528,FW,R. Dugimont,right,37,182,Ligue 1,AJ Auxerre,700 K,700000,0,1,0,0,4,1,153,1,0
529,FW,S. Haller,right,28,190,Bundesliga,Borussia Dortmund,N/A,N/A,0,0,0,0,0,0,12,0,0
530,FW,L. Taylor,right,33,188,Premier League,Nottingham Forest FC,N/A,N/A,0,0,0,0,0,0,55,0,0
531,FW,J. Mbock,right,23,174,Ligue 1,Angers Sporting Club de l’Ouest,N/A,N/A,1,0,0,0,2,1,50,0,0
532,FW,M. De Luca,right,24,192,Serie A,US Sampdoria,N/A,N/A,0,0,0,0,0,0,30,1,0
533,FW,Y. Borges Sanches,right,19,175,Bundesliga,Borussia Mönchengladbach,N/A,N/A,0,0,0,0,0,0,31,0,0
534,FW,A. Tibidi,right,19,187,Ligue 1,ESTAC Troyes,N/A,N/A,2,0,0,0,6,3,147,0,0
535,FW,M. Milovanović,right,19,194,LaLiga,UD Almería,N/A,N/A,9,2,0,1,30,20,1450,1,0
536,FW,A. Kuol,right,21,181,Bundesliga,VfB Stuttgart,N/A,N/A,0,0,0,0,3,2,86,0,0
537,FW,N. Weiper,right,18,192,Bundesliga,1. FSV Mainz 05,N/A,N/A,0,0,0,0,0,0,0,0,0
538,FW,D. Fofana,right,20,181,Premier League,Chelsea FC,N/A,N/A,0,0,0,0,0,0,85,0,0
539,FW,Y. Suzuki,right,21,175,Ligue 1,RC Strasbourg Alsace,N/A,N/A,0,0,0,0,0,0,39,0,0
540,FW,M. Uth,left,31,185,Bundesliga,1. FC Köln,N/A,N/A,0,0,0,0,1,1,58,1,0